stock,pair,spread_type,beta,alpha,entry_z,exit_z,validation_net_bps_0.25x_spread
ADI,XLK-ADI,price_regression_residual,-1.6568680505191316,14.567359772757936,1.25,0.0,1806.8753607835652
SNDK,XLK-SNDK,price_regression_residual,-0.13782418520073408,6.0837133951357725,1.0,0.25,1444.242726829999
INTC,XLK-INTC,price_regression_residual,-0.31872806214997046,6.526560365056239,1.0,0.0,1120.2227824661918
CSCO,XLK-CSCO,price_regression_residual,-1.4733000785673045,11.708813032109092,1.0,0.0,1074.626907047092
MU,XLK-MU,price_regression_residual,-0.28880474570746223,6.927083966875911,1.25,0.5,1071.8766508441204
KLAC,XLK-KLAC,price_regression_residual,-0.5731836660758246,9.424189222867486,1.0,0.25,1058.5230916642333
TXN,XLK-TXN,price_regression_residual,-0.4189711789333449,7.639027238918199,1.0,0.5,998.0805948149138
MSFT,XLK-MSFT,price_regression_residual,2.665953694326311,-11.070050615534992,1.5,0.5,785.8089365997959
AAPL,XLK-AAPL,direct_log_price,0.13016682388301618,0.0,1.0,0.25,650.6378763631324
LRCX,XLK-LRCX,price_regression_residual,-0.38556695815422065,7.310598506669814,1.0,0.0,624.419957193358
AAPL,XLK-AAPL,price_regression_residual,-0.46192606925982194,7.977908039733875,1.25,0.5,602.763072095387
AVGO,XLK-AVGO,price_regression_residual,-0.10471217306043695,6.052311947694292,1.0,0.5,571.2224993271349
QCOM,XLK-QCOM,price_regression_residual,-0.516978634126997,8.081071228272378,1.0,0.5,567.9232064403695
AMD,XLK-AMD,direct_log_price,0.14474834488538607,0.0,1.0,0.5,566.2527518957531
KLAC,XLK-KLAC,direct_log_price,0.09684657338915938,0.0,1.0,0.0,542.370372429399
AVGO,XLK-AVGO,direct_log_price,0.1460693017072228,0.0,1.0,0.5,535.8046981294195
IBM,XLK-IBM,direct_log_price,0.09888069889352176,0.0,1.0,0.25,496.30484804443574
NVDA,XLK-NVDA,direct_log_price,0.3337749645659467,0.0,1.0,0.5,481.6801042566139
PLTR,XLK-PLTR,price_regression_residual,-0.11040267604497248,6.012914223082181,1.0,0.5,478.7038464114952
QCOM,XLK-QCOM,direct_log_price,0.12712945076113996,0.0,1.25,0.0,470.67299510164713
LRCX,XLK-LRCX,direct_log_price,0.17977997194016287,0.0,1.0,0.0,469.6413751980269
AMAT,XLK-AMAT,direct_log_price,0.14214655234172935,0.0,1.0,0.25,469.2654872753577
APH,XLK-APH,direct_log_price,0.16594094121884617,0.0,1.0,0.0,451.7843510411887
CSCO,XLK-CSCO,direct_log_price,0.3205828327940572,0.0,1.0,0.0,449.2898313637207
TXN,XLK-TXN,direct_log_price,0.12914434767331914,0.0,1.0,0.5,448.5032420247003
NVDA,XLK-NVDA,price_regression_residual,-0.032886248484465,5.621032961700136,1.0,0.5,423.51112942274193
PLTR,XLK-PLTR,direct_log_price,0.15936779763197223,0.0,1.0,0.0,420.59340737136193
MSFT,XLK-MSFT,direct_log_price,0.09890189312907406,0.0,1.0,0.5,418.3338132724129
INTC,XLK-INTC,direct_log_price,0.183482887849806,0.0,2.5,0.5,387.3261802460248
ADI,XLK-ADI,direct_log_price,0.14886946846089452,0.0,1.0,0.5,381.1273319731265
APH,XLK-APH,price_regression_residual,-0.3990591379986461,7.347552933169431,1.0,0.0,368.52732523919565
ANET,XLK-ANET,price_regression_residual,0.10889047325925512,4.9280792091228705,1.0,0.5,364.3971779196706
ANET,XLK-ANET,direct_log_price,0.12375269120668982,0.0,1.0,0.5,364.1968803316373
ORCL,XLK-ORCL,direct_log_price,0.11882894568938178,0.0,1.0,0.5,334.1904978773656
AMD,XLK-AMD,price_regression_residual,-0.1578911206498988,6.267311335405741,1.0,0.5,332.72979287310136
AMAT,XLK-AMAT,cum_residual_return,0.14214655234172935,0.0,1.0,0.5,206.99047335440392
INTC,XLK-INTC,cum_residual_return,0.183482887849806,0.0,2.0,0.5,206.5288626350519
NVDA,XLK-NVDA,cum_residual_return,0.3337749645659467,0.0,1.0,0.0,162.7542741248485
SNDK,XLK-SNDK,direct_log_price,0.05944709609979738,0.0,1.0,0.5,147.18127297840547
APH,XLK-APH,cum_residual_return,0.16594094121884617,0.0,1.5,0.25,112.29585041854195
AMAT,XLK-AMAT,price_regression_residual,-0.663564582227292,8.990191480295977,1.0,0.0,83.87680388791765
AMD,XLK-AMD,cum_residual_return,0.14474834488538607,0.0,1.5,0.5,83.4534888439848
PLTR,XLK-PLTR,cum_residual_return,0.15936779763197223,0.0,1.5,0.5,82.9995839403292
ORCL,XLK-ORCL,cum_residual_return,0.11882894568938178,0.0,2.0,0.25,61.359629026396235
MU,XLK-MU,direct_log_price,0.1582443979810445,0.0,2.0,0.0,60.023064929731156
SNDK,XLK-SNDK,cum_residual_return,0.05944709609979738,0.0,1.5,0.5,43.090127630635855
AAPL,XLK-AAPL,cum_residual_return,0.13016682388301618,0.0,2.0,0.0,16.09310016532063
KLAC,XLK-KLAC,cum_residual_return,0.09684657338915938,0.0,1.25,0.5,7.650761849530493
LRCX,XLK-LRCX,cum_residual_return,0.17977997194016287,0.0,1.5,0.5,-23.405260232824027
MSFT,XLK-MSFT,cum_residual_return,0.09890189312907406,0.0,1.5,0.5,-29.73124739894497
IBM,XLK-IBM,cum_residual_return,0.09888069889352176,0.0,2.5,0.5,-73.99818033404165
ANET,XLK-ANET,cum_residual_return,0.12375269120668982,0.0,1.5,0.5,-80.74846665458189
QCOM,XLK-QCOM,cum_residual_return,0.12712945076113996,0.0,2.5,0.0,-83.97674892751422
CSCO,XLK-CSCO,cum_residual_return,0.3205828327940572,0.0,2.5,0.0,-104.36112288458376
MU,XLK-MU,cum_residual_return,0.1582443979810445,0.0,1.0,0.5,-115.38222302529138
TXN,XLK-TXN,cum_residual_return,0.12914434767331914,0.0,2.5,0.0,-122.98185266429833
ORCL,XLK-ORCL,price_regression_residual,0.7026480362720552,1.6609685021759637,2.5,0.0,-129.71578321717556
ADI,XLK-ADI,cum_residual_return,0.14886946846089452,0.0,1.5,0.5,-156.1144467082477
AVGO,XLK-AVGO,cum_residual_return,0.1460693017072228,0.0,2.0,0.0,-181.65245113843105
IBM,XLK-IBM,price_regression_residual,-0.9890780006311419,11.021795951851573,1.0,0.25,-1369.0513155784313
